year,n,mean_educ,var_educ,sd_educ,coll_share,hsplus_share,mean_lww,var_lww,return_biv_check
2024,162478,13.884183355903371,11.264887085926913,3.35632046829961,0.40385039036501313,0.902610840321929,7.227631688823681,0.794736427873497,0.09980626868796522
2008,177360,13.451607896949058,8.474203940466092,2.91104859809418,0.31079851067639086,0.8826579284479502,6.8475063319637,0.6808141312395943,0.11784697496650814
2011,161156,13.529108735990283,8.722731694323167,2.9534271100406673,0.32344767880684,0.8867990031694772,6.840703859025311,0.7330239392348469,0.1258067461231845
2014,155205,13.592432971667279,9.212617635510622,3.035229420572788,0.3400228422546338,0.8896996843185879,6.883273512860238,0.7533441182976885,0.12228159784331713
2017,155107,13.6895598966048,9.436951613830297,3.071962176497344,0.35733745171778947,0.8931341929421961,6.972808723204713,0.7416391828738287,0.11857081965939614
2019,153525,13.736773279170835,9.788313464674667,3.12862804831042,0.367559133200914,0.895308771038994,7.025454064810592,0.7668413260725582,0.11069446505769877
2021,149845,13.817628369307762,10.810406926024076,3.287918327152315,0.3904189612612851,0.8978017909075523,7.144592642261042,0.8095271438028107,0.10052219063632406
2005,181686,13.364945840409254,8.767669679328586,2.9610251061631656,0.3003459219389519,0.8809300528541996,6.777660545149757,0.6491472617275934,0.11262167238350021
2023,160384,13.844988329005707,11.089714209045077,3.3301222513663182,0.39736101597645185,0.8995001459302822,7.1939225163925995,0.7826535811619552,0.10041231746763915
